{
	"groups" : [
		{
			"name" : "charts",
			"text" : "Charts",
			"icons" : [
				{ "name" : "pie-chart" },
				{ "name" : "line-charts" },
				{ "name" : "horizontal-bar-chart" },
				{ "name" : "bar-chart" },
				{ "name" : "along-stacked-chart" },
				{ "name" : "table-chart" },
				{ "name" : "overview-chart" },
				{ "name" : "org-chart" },
				{ "name" : "vertical-bar-chart" },
				{ "name" : "upstacked-chart" },
				{ "name" : "chart-axis" },
				{ "name" : "full-stacked-chart" },
				{ "name" : "full-stacked-column-chart" },
				{ "name" : "vertical-bar-chart-2" },
				{ "name" : "horizontal-bar-chart-2" },
				{ "name" : "horizontal-stacked-chart" },
				{ "name" : "horizontal-combination-chart" },
				{ "name" : "vertical-stacked-chart" },
				{ "name" : "choropleth-chart" },
				{ "name" : "geographic-bubble-chart" },
				{ "name" : "multiple-radar-chart" },
				{ "name" : "radar-chart" },
				{ "name" : "crossed-line-chart" },
				{ "name" : "multiple-line-chart" },
				{ "name" : "multiple-bar-chart" },
				{ "name" : "line-chart" },
				{ "name" : "line-chart-dual-axis" },
				{ "name" : "bubble-chart" },
				{ "name" : "scatter-chart" },
				{ "name" : "multiple-pie-chart" },
				{ "name" : "column-chart-dual-axis" },
				{ "name" : "tag-cloud-chart" },
				{ "name" : "area-chart" },
				{ "name" : "gantt-bars" },
				{ "name" : "legend" },
				{ "name" : "donut-chart" },
				{ "name" : "heatmap-chart" },
				{ "name" : "horizontal-bullet-chart" },
				{ "name" : "vertical-bullet-chart" },
				{ "name" : "horizontal-waterfall-chart" },
				{ "name" : "rhombus-milestone" },
				{ "name" : "table-view" },
				{ "name" : "program-triangles-2" },
				{ "name" : "checklist" },
				{ "name" : "Chart-Tree-Map" },
				{ "name" : "checklist-item" },
				{ "name" : "rhombus-milestone-2" },
				{ "name" : "chart-table-view" },
				{ "name" : "provision" },
				{ "name" : "mirrored-task-circle" },
				{ "name" : "master-task-triangle-2" },
				{ "name" : "circle-task" },
				{ "name" : "master-task-triangle" },
				{ "name" : "checklist-2" },
				{ "name" : "pipeline-analysis" },
				{ "name" : "checklist-item-2" },
				{ "name" : "project-definition-triangle-2" },
				{ "name" : "mirrored-task-circle-2" },
				{ "name" : "circle-task-2" },
				{ "name" : "project-definition-triangle" },
				{ "name" : "tree" },
				{ "name" : "vertical-waterfall-chart" },
				{ "name" : "chevron-phase" },
				{ "name" : "trip-report" },
				{ "name" : "chevron-phase-2" },
				{ "name" : "business-objects-experience" },
				{ "name" : "filter-analytics" },
				{ "name" : "program-triangles" },
				{ "name" : "tools-opportunity" },
				{ "name" : "line-chart-time-axis" },
				{ "name" : "temperature" }
			]
		},
		{
			"name" : "people",
			"text" : "People",
			"icons" : [
				{ "name" : "employee" },
				{ "name" : "customer" },
				{ "name" : "supplier" },
				{ "name" : "customer-and-supplier" },
				{ "name" : "group" },
				{ "name" : "collaborate" },
				{ "name" : "role" },
				{ "name" : "manager" },
				{ "name" : "learning-assistant" },
				{ "name" : "family-care" },
				{ "name" : "person-placeholder" },
				{ "name" : "wounds-doc" },
				{ "name" : "doctor" },
				{ "name" : "opportunities" },
				{ "name" : "leads" },
				{ "name" : "kpi-managing-my-area" },
				{ "name" : "employee-approvals" },
				{ "name" : "customer-history" },
				{ "name" : "employee-lookup" },
				{ "name" : "my-view" },
				{ "name" : "physical-activity" },
				{ "name" : "citizen-connect" },
				{ "name" : "hr-approval" },
				{ "name" : "idea-wall" },
				{ "name" : "nurse" },
				{ "name" : "family-protection" },
				{ "name" : "employee-rejections" },
				{ "name" : "activity-individual" },
				{ "name" : "company-view" },
				{ "name" : "employee-pane" },
				{ "name" : "customer-and-contacts" },
				{ "name" : "meeting-room" },
				{ "name" : "add-contact" },
				{ "name" : "decision" },
				{ "name" : "account" },
				{ "name" : "customer-briefing" },
				{ "name" : "personnel-view" },
				{ "name" : "private" },
				{ "name" : "business-card" },
				{ "name" : "monitor-payments" },
				{ "name" : "my-sales-order" },
				{ "name" : "user-edit" },
				{ "name" : "switch-classes" },
				{ "name" : "user-settings" },
				{ "name" : "visits" },
				{ "name" : "add-employee" }
			]
		},
		{
			"name" : "time",
			"text" : "Time",
			"icons" : [
				{ "name" : "present" },
				{ "name" : "pending" },
				{ "name" : "past" },
				{ "name" : "history" },
				{ "name" : "future" },
				{ "name" : "instance" },
				{ "name" : "customer-history" },
				{ "name" : "create-entry-time" },
				{ "name" : "timesheet" },
				{ "name" : "time-entry-request" },
				{ "name" : "time-overtime" },
				{ "name" : "fob-watch" },
				{ "name" : "lateness" },
				{ "name" : "time-account" },
				{ "name" : "line-chart-time-axis" }
			]
		},
		{
			"name" : "devices",
			"text" : "Devices",
			"icons" : [
				{ "name" : "washing-machine" },
				{ "name" : "video" },
				{ "name" : "phone" },
				{ "name" : "laptop" },
				{ "name" : "fridge" },
				{ "name" : "dishwasher" },
				{ "name" : "iphone" },
				{ "name" : "ipad" },
				{ "name" : "print" },
				{ "name" : "marketing-campaign" },
				{ "name" : "web-cam" },
				{ "name" : "microphone" },
				{ "name" : "machine" },
				{ "name" : "simulate" },
				{ "name" : "projector" },
				{ "name" : "iphone-2" },
				{ "name" : "ipad-2" },
				{ "name" : "fax-machine" },
				{ "name" : "fob-watch" },
				{ "name" : "sys-monitor" },
				{ "name" : "it-system" },
				{ "name" : "it-host" },
				{ "name" : "it-instance" },
				{ "name" : "popup-window" }
			]
		},
		{
			"name" : "med",
			"text" : "Medical",
			"icons" : [
				{ "name" : "accidental-leave" },
				{ "name" : "bed" },
				{ "name" : "endoscopy" },
				{ "name" : "electrocardiogram" },
				{ "name" : "clinical-order" },
				{ "name" : "wounds-doc" },
				{ "name" : "sonography" },
				{ "name" : "stethoscope" },
				{ "name" : "pharmacy" },
				{ "name" : "electronic-medical-record" },
				{ "name" : "syringe" },
				{ "name" : "nurse" },
				{ "name" : "doctor" },
				{ "name" : "x-ray" },
				{ "name" : "mri-scan" },
				{ "name" : "physical-activity" },
				{ "name" : "nutrition-activity" },
				{ "name" : "clinical-tast-tracker" },
				{ "name" : "temperature" }
			]
		},
		{
			"name" : "money",
			"text" : "Money",
			"icons" : [
				{ "name" : "sales-document" },
				{ "name" : "money-bills" },
				{ "name" : "expense-report" },
				{ "name" : "payment-approval" },
				{ "name" : "lead-outdated" },
				{ "name" : "simple-payment" },
				{ "name" : "sales-order-item" },
				{ "name" : "sales-order" },
				{ "name" : "per-diem" },
				{ "name" : "paid-leave" },
				{ "name" : "loan" },
				{ "name" : "waiver" },
				{ "name" : "unpaid-leave" },
				{ "name" : "monitor-payments" },
				{ "name" : "customer-financial-fact-sheet" },
				{ "name" : "commission-check" },
				{ "name" : "collections-insight" },
				{ "name" : "capital-projects" },
				{ "name" : "time-overtime" },
				{ "name" : "travel-expense-report" },
				{ "name" : "sales-quote" },
				{ "name" : "sales-notification" },
				{ "name" : "collections-management" },
				{ "name" : "travel-expense" },
				{ "name" : "lead" },
				{ "name" : "batch-payments" },
				{ "name" : "wallet" },
				{ "name" : "receipt" }
			]
		},
		{
			"name" : "doc",
			"text" : "Documents",
			"icons" : [
				{ "name" : "sales-document" },
				{ "name" : "ppt-attachment" },
				{ "name" : "pdf-attachment" },
				{ "name" : "excel-attachment" },
				{ "name" : "expense-report" },
				{ "name" : "doc-attachment" },
				{ "name" : "inspection" },
				{ "name" : "documents" },
				{ "name" : "course-program" },
				{ "name" : "pushpin-on" },
				{ "name" : "timesheet" },
				{ "name" : "permission" },
				{ "name" : "sales-order-item" },
				{ "name" : "sales-order" },
				{ "name" : "my-sales-order" },
				{ "name" : "order-status" },
				{ "name" : "create" },
				{ "name" : "newspaper" },
				{ "name" : "customer-financial-fact-sheet" },
				{ "name" : "sales-quote" },
				{ "name" : "measurement-document" },
				{ "name" : "insurance-house" },
				{ "name" : "insurance-life" },
				{ "name" : "insurance-car" },
				{ "name" : "document" },
				{ "name" : "attachment-audio" },
				{ "name" : "attachment-video" },
				{ "name" : "attachment-html" },
				{ "name" : "attachment-photo" },
				{ "name" : "attachment-e-pub" },
				{ "name" : "attachment-zip-file" },
				{ "name" : "attachment-text-file" },
				{ "name" : "document-text" },
				{ "name" : "vds-file" },
				{ "name" : "sys-prev-page" },
				{ "name" : "sys-first-page" },
				{ "name" : "sys-next-page" },
				{ "name" : "sys-last-page" },
				{ "name" : "vds-file" },
				{ "name" : "clinical-order" },
				{ "name" : "bar-code" },
				{ "name" : "accounting-document-verification" },
				{ "name" : "pdf-reader" },
				{ "name" : "request" },
				{ "name" : "write-new-document" },
				{ "name" : "create-entry-time" },
				{ "name" : "add-document" }
			]
		},
		{
			"name" : "form",
			"text" : "Form",
			"icons" : [
				{ "name" : "approvals" },
				{ "name" : "form" },
				{ "name" : "survey" },
				{ "name" : "customer-order-entry" },
				{ "name" : "create-form" },
				{ "name" : "detail-view" },
				{ "name" : "receipt" }
			]
		},
		{
			"name" : "tables",
			"text" : "Tables",
			"icons" : [
				{ "name" : "chart-table-view" },
				{ "name" : "provision" },
				{ "name" : "rhombus-milestone" },
				{ "name" : "table-view" },
				{ "name" : "program-triangles-2" },
				{ "name" : "checklist" },
				{ "name" : "table-chart" },
				{ "name" : "checklist-item" },
				{ "name" : "rhombus-milestone-2" },
				{ "name" : "mirrored-task-circle" },
				{ "name" : "master-task-triangle-2" },
				{ "name" : "circle-task" },
				{ "name" : "master-task-triangle" },
				{ "name" : "checklist-2" },
				{ "name" : "checklist-item-2" },
				{ "name" : "project-definition-triangle-2" },
				{ "name" : "mirrored-task-circle-2" },
				{ "name" : "circle-task-2" },
				{ "name" : "project-definition-triangle" },
				{ "name" : "chevron-phase" },
				{ "name" : "chevron-phase-2" },
				{ "name" : "program-triangles" }
			]
		},
		{
			"name" : "folder",
			"text" : "Folder",
			"icons" : [
				{ "name" : "open-folder" },
				{ "name" : "folder-full" },
				{ "name" : "curriculum" },
				{ "name" : "fallback" },
				{ "name" : "folder-blank" },
				{ "name" : "work-history" },
				{ "name" : "folder" },
				{ "name" : "batch-payments" }
			]
		},
		{
			"name" : "text",
			"text" : "Text",
			"icons" : [
				{ "name" : "text-align-justified" },
				{ "name" : "numbered-text" },
				{ "name" : "increase-line-height" },
				{ "name" : "text-align-left" },
				{ "name" : "heading2" },
				{ "name" : "heading1" },
				{ "name" : "heading3" },
				{ "name" : "underline-text" },
				{ "name" : "outdent" },
				{ "name" : "hint" },
				{ "name" : "text-align-center" },
				{ "name" : "text-align-right" },
				{ "name" : "syntax" },
				{ "name" : "bold-text" },
				{ "name" : "bullet-text" },
				{ "name" : "text-formatting" },
				{ "name" : "italic-text" },
				{ "name" : "decrease-line-height" },
				{ "name" : "indent" },
				{ "name" : "cursor-arrow" },
				{ "name" : "fx" },
				{ "name" : "text-color" }
			]
		},
		{
			"name" : "arrow",
			"text" : "Arrows",
			"icons" : [
				{ "name" : "synchronize" },
				{ "name" : "refresh" },
				{ "name" : "download" },
				{ "name" : "arrow-top" },
				{ "name" : "arrow-right" },
				{ "name" : "arrow-left" },
				{ "name" : "arrow-bottom" },
				{ "name" : "navigation-right-arrow" },
				{ "name" : "navigation-left-arrow" },
				{ "name" : "pull-down" },
				{ "name" : "sort" },
				{ "name" : "response" },
				{ "name" : "play" },
				{ "name" : "share" },
				{ "name" : "inspect" },
				{ "name" : "shortcut" },
				{ "name" : "process" },
				{ "name" : "feeder-arrow" },
				{ "name" : "step" },
				{ "name" : "upload" },
				{ "name" : "repost" },
				{ "name" : "media-forward" },
				{ "name" : "media-play" },
				{ "name" : "media-reverse" },
				{ "name" : "initiative" },
				{ "name" : "full-screen" },
				{ "name" : "chart-axis" },
				{ "name" : "cause" },
				{ "name" : "locate-me" },
				{ "name" : "sorting-ranking" },
				{ "name" : "close-command-field" },
				{ "name" : "open-command-field" },
				{ "name" : "sys-back" },
				{ "name" : "sys-back-2" },
				{ "name" : "enter-more" },
				{ "name" : "redo" },
				{ "name" : "undo" },
				{ "name" : "navigation-up-arrow" },
				{ "name" : "navigation-down-arrow" },
				{ "name" : "down" },
				{ "name" : "resize" },
				{ "name" : "move" },
				{ "name" : "nav-back" },
				{ "name" : "slim-arrow-right" },
				{ "name" : "slim-arrow-left" },
				{ "name" : "slim-arrow-down" },
				{ "name" : "slim-arrow-up" },
				{ "name" : "forward" },
				{ "name" : "expand-group" },
				{ "name" : "collapse-group" },
				{ "name" : "sort-descending" },
				{ "name" : "sort-ascending" },
				{ "name" : "arrow-down" },
				{ "name" : "drill-down" },
				{ "name" : "back-to-top" },
				{ "name" : "dropdown" },
				{ "name" : "source-code" },
				{ "name" : "up" },
				{ "name" : "drill-up" },
				{ "name" : "begin" },
				{ "name" : "duplicate" },
				{ "name" : "inbox" },
				{ "name" : "trend-down" },
				{ "name" : "drop-down-list" },
				{ "name" : "system-exit-2" },
				{ "name" : "visits" },
				{ "name" : "trend-up" },
				{ "name" : "reset" },
				{ "name" : "restart" },
				{ "name" : "journey-depart" },
				{ "name" : "resize-horizontal" },
				{ "name" : "journey-arrive" },
				{ "name" : "download-from-cloud" },
				{ "name" : "edit-outside" },
				{ "name" : "upload-to-cloud" },
				{ "name" : "media-pause" },
				{ "name" : "media-rewind" },
				{ "name" : "journey-change" },
				{ "name" : "system-exit" },
				{ "name" : "resize-vertical" }
			]
		},
		{
			"name" : "action",
			"text" : "Actions",
			"icons" : [
				{ "name" : "synchronize" },
				{ "name" : "search" },
				{ "name" : "action-settings" },
				{ "name" : "refresh" },
				{ "name" : "display" },
				{ "name" : "log" },
				{ "name" : "email" },
				{ "name" : "edit" },
				{ "name" : "duplicate" },
				{ "name" : "download" },
				{ "name" : "delete" },
				{ "name" : "decline" },
				{ "name" : "complete" },
				{ "name" : "shield" },
				{ "name" : "begin" },
				{ "name" : "add-filter" },
				{ "name" : "add" },
				{ "name" : "add-folder" },
				{ "name" : "add-employee" },
				{ "name" : "action" },
				{ "name" : "accept" },
				{ "name" : "favorite" },
				{ "name" : "menu2" },
				{ "name" : "less" },
				{ "name" : "sys-cancel" },
				{ "name" : "sys-cancel-2" },
				{ "name" : "home" },
				{ "name" : "filter" },
				{ "name" : "sort" },
				{ "name" : "save" },
				{ "name" : "play" },
				{ "name" : "pause" },
				{ "name" : "record" },
				{ "name" : "response" },
				{ "name" : "unfavorite" },
				{ "name" : "share" },
				{ "name" : "feed" },
				{ "name" : "flag" },
				{ "name" : "post" },
				{ "name" : "comment" },
				{ "name" : "shortcut" },
				{ "name" : "upload" },
				{ "name" : "unlocked" },
				{ "name" : "locked" },
				{ "name" : "media-forward" },
				{ "name" : "media-play" },
				{ "name" : "media-pause" },
				{ "name" : "media-reverse" },
				{ "name" : "media-rewind" },
				{ "name" : "bookmark" },
				{ "name" : "wrench" },
				{ "name" : "sys-find" },
				{ "name" : "zoom-in" },
				{ "name" : "zoom-out" },
				{ "name" : "redo" },
				{ "name" : "undo" },
				{ "name" : "down" },
				{ "name" : "up" },
				{ "name" : "drill-down" },
				{ "name" : "drill-up" },
				{ "name" : "move" },
				{ "name" : "resize" },
				{ "name" : "value-help" },
				{ "name" : "overflow" },
				{ "name" : "multi-select" },
				{ "name" : "exit-full-screen"},
				{ "name" : "sys-add" },
				{ "name" : "sys-minus" },
				{ "name" : "dropdown" },
				{ "name" : "expand-group" },
				{ "name" : "collapse-group" },
				{ "name" : "sort-descending" },
				{ "name" : "sort-ascending" },
				{ "name" : "restart" },
				{ "name" : "stop" },
				{ "name" : "add-process" },
				{ "name" : "cancel-maintenance" },
				{ "name" : "activate" },
				{ "name" : "resize-horizontal" },
				{ "name" : "resize-vertical" },
				{ "name" : "edit-outside" },
				{ "name" : "minimize" },
				{ "name" : "back-to-top" },
				{ "name" : "call" },
				{ "name" : "download-from-cloud" },
				{ "name" : "upload-to-cloud" },
				{ "name" : "share-2" },
				{ "name" : "paging" },
				{ "name" : "video" },
				{ "name" : "create-form" },
				{ "name" : "image-viewer" },
				{ "name" : "microphone" },
				{ "name" : "sound-loud" },
				{ "name" : "paste" },
				{ "name" : "toaster-down" },
				{ "name" : "add-document" },
				{ "name" : "inbox" },
				{ "name" : "full-screen" },
				{ "name" : "sys-find-next" },
				{ "name" : "text-align-justified" },
				{ "name" : "tags" },
				{ "name" : "trend-down" },
				{ "name" : "developer-settings" },
				{ "name" : "pushpin-on" },
				{ "name" : "drop-down-list" },
				{ "name" : "legend" },
				{ "name" : "notes" },
				{ "name" : "settings" },
				{ "name" : "switch-views" },
				{ "name" : "add-equipment" },
				{ "name" : "sys-help" },
				{ "name" : "navigation-down-arrow" },
				{ "name" : "paper-plane" },
				{ "name" : "pdf-reader" },
				{ "name" : "locate-me" },
				{ "name" : "simulate" },
				{ "name" : "system-exit-2" },
				{ "name" : "write-new" },
				{ "name" : "numbered-text" },
				{ "name" : "pull-down" },
				{ "name" : "detail-view" },
				{ "name" : "inspect-down" },
				{ "name" : "visits" },
				{ "name" : "trend-up" },
				{ "name" : "increase-line-height" },
				{ "name" : "exit-full-screen" },
				{ "name" : "receipt" },
				{ "name" : "generate-shortcut" },
				{ "name" : "reset" },
				{ "name" : "activities" },
				{ "name" : "nav-back" },
				{ "name" : "navigation-up-arrow" },
				{ "name" : "menu" },
				{ "name" : "text-align-left" },
				{ "name" : "scissors" },
				{ "name" : "outbox" },
				{ "name" : "ui-notifications" },
				{ "name" : "slim-arrow-left" },
				{ "name" : "sys-back-2" },
				{ "name" : "repost" },
				{ "name" : "cause" },
				{ "name" : "notification-2" },
				{ "name" : "create-leave-request" },
				{ "name" : "request" },
				{ "name" : "outgoing-call" },
				{ "name" : "sys-first-page" },
				{ "name" : "heading2" },
				{ "name" : "heading1" },
				{ "name" : "heading3" },
				{ "name" : "general-leave-request" },
				{ "name" : "open-command-field" },
				{ "name" : "underline-text" },
				{ "name" : "sys-enter" },
				{ "name" : "create-session" },
				{ "name" : "key-user-settings" },
				{ "name" : "vertical-grip" },
				{ "name" : "slim-arrow-down" },
				{ "name" : "outdent" },
				{ "name" : "list" },
				{ "name" : "hint" },
				{ "name" : "print" },
				{ "name" : "multiselect-none" },
				{ "name" : "multi-select" },
				{ "name" : "web-cam" },
				{ "name" : "journey-depart" },
				{ "name" : "sorting-ranking" },
				{ "name" : "text-align-center" },
				{ "name" : "user-edit" },
				{ "name" : "step" },
				{ "name" : "display-more" },
				{ "name" : "hide" },
				{ "name" : "incoming-call" },
				{ "name" : "home-share" },
				{ "name" : "journey-arrive" },
				{ "name" : "navigation-left-arrow" },
				{ "name" : "signature" },
				{ "name" : "copy" },
				{ "name" : "fax-machine" },
				{ "name" : "text-align-right" },
				{ "name" : "sys-enter-2" },
				{ "name" : "sys-last-page" },
				{ "name" : "navigation-right-arrow" },
				{ "name" : "sys-next-page" },
				{ "name" : "sys-back" },
				{ "name" : "multiselect-all" },
				{ "name" : "syringe" },
				{ "name" : "switch-classes" },
				{ "name" : "cancel" },
				{ "name" : "pushpin-off" },
				{ "name" : "inspection" },
				{ "name" : "crop" },
				{ "name" : "expand" },
				{ "name" : "collapse" },
				{ "name" : "draw-rectangle" },
				{ "name" : "add-activity" },
				{ "name" : "syntax" },
				{ "name" : "sound" },
				{ "name" : "user-settings" },
				{ "name" : "alphabetical-order" },
				{ "name" : "group-2" },
				{ "name" : "eraser" },
				{ "name" : "sound-off" },
				{ "name" : "camera" },
				{ "name" : "attachment" },
				{ "name" : "write-new-document" },
				{ "name" : "cursor-arrow" },
				{ "name" : "bold-text" },
				{ "name" : "tag" },
				{ "name" : "resize-corner" },
				{ "name" : "customize" },
				{ "name" : "add-photo" },
				{ "name" : "bullet-text" },
				{ "name" : "projector" },
				{ "name" : "horizontal-grip" },
				{ "name" : "favorite-list" },
				{ "name" : "clear-filter" },
				{ "name" : "create" },
				{ "name" : "text-formatting" },
				{ "name" : "inspect" },
				{ "name" : "italic-text" },
				{ "name" : "thumb-down" },
				{ "name" : "cancel-share" },
				{ "name" : "journey-change" },
				{ "name" : "decrease-line-height" },
				{ "name" : "workflow-tasks" },
				{ "name" : "system-exit" },
				{ "name" : "disconnected" },
				{ "name" : "popup-window" },
				{ "name" : "process" },
				{ "name" : "thumb-up" },
				{ "name" : "phone" },
				{ "name" : "show" },
				{ "name" : "positive" },
				{ "name" : "indent" },
				{ "name" : "my-view" },
				{ "name" : "create-entry-time" },
				{ "name" : "slim-arrow-up" },
				{ "name" : "payment-approval" },
				{ "name" : "compare-2" },
				{ "name" : "sys-prev-page" },
				{ "name" : "chain-link" },
				{ "name" : "add-product" },
				{ "name" : "email-read" },
				{ "name" : "toaster-up" },
				{ "name" : "add-favorite" },
				{ "name" : "enter-more" },
				{ "name" : "sys-help-2" },
				{ "name" : "add-coursebook" },
				{ "name" : "slim-arrow-right" },
				{ "name" : "negative" },
				{ "name" : "fx" },
				{ "name" : "blur" },
				{ "name" : "pixelate" }
			]
		},
		{
			"name" : "shop",
			"text" : "Shopping",
			"icons" : [
				{ "name" : "retail-store" },
				{ "name" : "cart" },
				{ "name" : "basket" },
				{ "name" : "cart-approval" },
				{ "name" : "cart-5" },
				{ "name" : "cart-4" },
				{ "name" : "retail-store-manager" },
				{ "name" : "cart-3" },
				{ "name" : "cart-2" },
				{ "name" : "cart-full" }
			]
		},
		{
			"name" : "travel",
			"text" : "Travel",
			"icons" : [
				{ "name" : "travel-expense" },
				{ "name" : "bed" },
				{ "name" : "home" },
				{ "name" : "flight" },
				{ "name" : "bus-public-transport" },
				{ "name" : "car-rental" },
				{ "name" : "cargo-train" },
				{ "name" : "passenger-train" },
				{ "name" : "world" },
				{ "name" : "shipping-status" },
				{ "name" : "meal" },
				{ "name" : "taxi" },
				{ "name" : "subway-train" },
				{ "name" : "physical-activity" },
				{ "name" : "travel-itinerary" },
				{ "name" : "suitcase" },
				{ "name" : "doctor" }
			]
		},
		{
			"name" : "transport",
			"text" : "Transport",
			"icons" : [
				{ "name" : "cargo-train" },
				{ "name" : "travel-itinerary" },
				{ "name" : "subway-train" },
				{ "name" : "bus-public-transport" },
				{ "name" : "flight" },
				{ "name" : "taxi" },
				{ "name" : "vehicle-repair" },
				{ "name" : "inventory" },
				{ "name" : "passenger-train" },
				{ "name" : "car-rental" },
				{ "name" : "shipping-status" },
				{ "name" : "collision" },
				{ "name" : "travel-expense" },
				{ "name" : "travel-expense-report" },
				{ "name" : "travel-request" },
				{ "name" : "trip-report" }
			]
		},
		{
			"name" : "status",
			"text" : "Status",
			"icons" : [
				{ "name" : "accidental-leave" },
				{ "name" : "temperature" },
				{ "name" : "lead" },
				{ "name" : "history" },
				{ "name" : "alert" },
				{ "name" : "lab" },
				{ "name" : "lateness" },
				{ "name" : "goalseek" },
				{ "name" : "employee-approvals" },
				{ "name" : "decision" },
				{ "name" : "question-mark" },
				{ "name" : "warning" },
				{ "name" : "flag" },
				{ "name" : "target-group" },
				{ "name" : "notification" },
				{ "name" : "message-error" },
				{ "name" : "message-warning" },
				{ "name" : "message-information" },
				{ "name" : "message-success" },
				{ "name" : "lead-outdated" },
				{ "name" : "to-be-reviewed" },
				{ "name" : "warning2" },
				{ "name" : "locked" },
				{ "name" : "unlocked" },
				{ "name" : "incident" },
				{ "name" : "goal" },
				{ "name" : "bookmark" },
				{ "name" : "badge" },
				{ "name" : "status-completed" },
				{ "name" : "status-positive" },
				{ "name" : "status-negative" },
				{ "name" : "status-critical" },
				{ "name" : "status-error" },
				{ "name" : "status-inactive" },
				{ "name" : "status-in-process" },
				{ "name" : "sys-enter-2" },
				{ "name" : "sys-enter" },
				{ "name" : "sys-help-2" },
				{ "name" : "sys-help" },
				{ "name" : "sys-cancel" },
				{ "name" : "connected" },
				{ "name" : "disconnected" },
				{ "name" : "quality-issue" },
				{ "name" : "error" },
				{ "name" : "hr-approval" },
				{ "name" : "role" },
				{ "name" : "cancel-maintenance" },
				{ "name" : "employee-rejections" },
				{ "name" : "cancel" },
				{ "name" : "broken-link" },
				{ "name" : "message-popup" },
				{ "name" : "travel-request" },
				{ "name" : "cancel-share" },
				{ "name" : "private" },
				{ "name" : "trip-report" },
				{ "name" : "permission" },
				{ "name" : "away" },
				{ "name" : "busy" },
				{ "name" : "appear-offline" }
			]
		},
		{
			"name" : "clipboard",
			"text" : "Clipboards",
			"icons" : [
				{ "name" : "task" },
				{ "name" : "workflow-tasks" },
				{ "name" : "crm-service-manager" },
				{ "name" : "clinical-tast-tracker" },
				{ "name" : "activity-individual" },
				{ "name" : "activity-2" },
				{ "name" : "add-activity-2" },
				{ "name" : "activity-items" },
				{ "name" : "activity-assigned-to-goal" },
				{ "name" : "paste" }
			]
		},
		{
			"name" : "calendar",
			"text" : "Calendars",
			"icons" : [
				{ "name" : "notes" },
				{ "name" : "gantt-bars" },
				{ "name" : "calendar" },
				{ "name" : "appointment" },
				{ "name" : "appointment-2" },
				{ "name" : "per-diem" },
				{ "name" : "measurement-document" },
				{ "name" : "date-time" },
				{ "name" : "check-availability" },
				{ "name" : "accelerated" },
				{ "name" : "workflow-tasks" }
			]
		},
		{
			"name" : "callout",
			"text" : "Callout",
			"icons" : [
				{ "name" : "post" },
				{ "name" : "notification-2" },
				{ "name" : "travel-request" },
				{ "name" : "thing-type" },
				{ "name" : "sales-notification" },
				{ "name" : "discussion-2" },
				{ "name" : "discussion" },
				{ "name" : "tag-cloud-chart" },
				{ "name" : "hello-world" },
				{ "name" : "message-popup" },
				{ "name" : "comment" },
				{ "name" : "ui-notifications" }
			]
		},
		{
			"name" : "thing",
			"text" : "Things",
			"icons" : [
				{ "name" : "wrench" },
				{ "name" : "washing-machine" },
				{ "name" : "video" },
				{ "name" : "temperature" },
				{ "name" : "picture" },
				{ "name" : "phone" },
				{ "name" : "post" },
				{ "name" : "laptop" },
				{ "name" : "fridge" },
				{ "name" : "energy-saving-lightbulb" },
				{ "name" : "dishwasher" },
				{ "name" : "competitor" },
				{ "name" : "cart" },
				{ "name" : "camera" },
				{ "name" : "calendar" },
				{ "name" : "basket" },
				{ "name" : "bed" },
				{ "name" : "e-care" },
				{ "name" : "lab" },
				{ "name" : "database" },
				{ "name" : "iphone" },
				{ "name" : "ipad" },
				{ "name" : "course-book" },
				{ "name" : "marketing-campaign" },
				{ "name" : "paper-plane" },
				{ "name" : "meal" },
				{ "name" : "education" },
				{ "name" : "tags" },
				{ "name" : "web-cam" },
				{ "name" : "microphone" },
				{ "name" : "stethoscope" },
				{ "name" : "study-leave" },
				{ "name" : "soccor" },
				{ "name" : "pharmacy" },
				{ "name" : "nutrition-activity" },
				{ "name" : "machine" },
				{ "name" : "wallet" },
				{ "name" : "umbrella" },
				{ "name" : "suitcase" },
				{ "name" : "simulate" },
				{ "name" : "projector" },
				{ "name" : "palette" },
				{ "name" : "mileage" },
				{ "name" : "iphone-2" },
				{ "name" : "ipad-2" },
				{ "name" : "eraser" },
				{ "name" : "compare-2" },
				{ "name" : "puzzle" },
				{ "name" : "explorer" },
				{ "name" : "sys-monitor" },
				{ "name" : "sys-find" },
				{ "name" : "display" },
				{ "name" : "key" },
				{ "name" : "jam" },
				{ "name" : "sap-ui5" },
				{ "name" : "cloud" }
			]
		},
		{
			"name" : "objects",
			"text" : "Objects",
			"icons" : [
				{ "name" : "business-card" },
				{ "name" : "collision" },
				{ "name" : "manager-insight" },
				{ "name" : "theater" },
				{ "name" : "header" },
				{ "name" : "blank-tag" },
				{ "name" : "business-by-design" },
				{ "name" : "sap-logo-shape" },
				{ "name" : "photo-voltaic" },
				{ "name" : "map" },
				{ "name" : "internet-browser" },
				{ "name" : "target-group" },
				{ "name" : "background" },
				{ "name" : "business-objects-mobile" },
				{ "name" : "wallet" },
				{ "name" : "measurement-document" },
				{ "name" : "jam" },
				{ "name" : "key" },
				{ "name" : "umbrella" },
				{ "name" : "screen-split-two" },
				{ "name" : "co" },
				{ "name" : "lightbulb" },
				{ "name" : "factory" },
				{ "name" : "example" },
				{ "name" : "washing-machine" },
				{ "name" : "measure" },
				{ "name" : "education" },
				{ "name" : "lab" },
				{ "name" : "course-book" },
				{ "name" : "eam-work-order" },
				{ "name" : "dimension" },
				{ "name" : "sap-box" },
				{ "name" : "border" },
				{ "name" : "burglary" },
				{ "name" : "lateness" },
				{ "name" : "business-one" },
				{ "name" : "newspaper" },
				{ "name" : "fob-watch" },
				{ "name" : "product" },
				{ "name" : "filter-facets" },
				{ "name" : "offsite-work" },
				{ "name" : "energy-saving-lightbulb" },
				{ "name" : "palette" },
				{ "name" : "soccor" },
				{ "name" : "goalseek" },
				{ "name" : "sap-ui5" },
				{ "name" : "study-leave" },
				{ "name" : "bed" },
				{ "name" : "machine" },
				{ "name" : "business-objects-explorer" },
				{ "name" : "overlay" },
				{ "name" : "arobase" },
				{ "name" : "headset" },
				{ "name" : "grid" },
				{ "name" : "puzzle" },
				{ "name" : "building" },
				{ "name" : "database" },
				{ "name" : "opportunity" },
				{ "name" : "bo-strategy-management" },
				{ "name" : "temperature" },
				{ "name" : "windows-doors" },
				{ "name" : "mileage" },
				{ "name" : "loan" },
				{ "name" : "toaster-top" },
				{ "name" : "marketing-campaign" },
				{ "name" : "functional-location" },
				{ "name" : "end-user-experience-monitoring" },
				{ "name" : "competitor" },
				{ "name" : "world" },
				{ "name" : "contacts" },
				{ "name" : "filter-fields" },
				{ "name" : "unwired" },
				{ "name" : "bbyd-active-sales" },
				{ "name" : "card" },
				{ "name" : "blank-tag-2" },
				{ "name" : "address-book" },
				{ "name" : "customer-view" },
				{ "name" : "technical-object" },
				{ "name" : "bell" },
				{ "name" : "Netweaver-business-client" },
				{ "name" : "credit-card" },
				{ "name" : "performance" },
				{ "name" : "broken-link" },
				{ "name" : "globe" },
				{ "name" : "e-care" },
				{ "name" : "widgets" },
				{ "name" : "shelf" },
				{ "name" : "dishwasher" },
				{ "name" : "compare" },
				{ "name" : "goal" },
				{ "name" : "addresses" },
				{ "name" : "shield" },
				{ "name" : "color-fill" },
				{ "name" : "screen-split-one" },
				{ "name" : "crm-sales" },
				{ "name" : "screen-split-three" },
				{ "name" : "heating-cooling" },
				{ "name" : "cloud" },
				{ "name" : "badge" },
				{ "name" : "official-service" },
				{ "name" : "explorer" },
				{ "name" : "map-2" },
				{ "name" : "weather-proofing" },
				{ "name" : "map-3" },
				{ "name" : "letter" },
				{ "name" : "picture" },
				{ "name" : "kpi-corporate-performance" },
				{ "name" : "e-learning" },
				{ "name" : "chalkboard" },
				{ "name" : "bbyd-dashboard" },
				{ "name" : "pool" },
				{ "name" : "meal" },
				{ "name" : "suitcase" },
				{ "name" : "measuring-point" },
				{ "name" : "number-sign" },
				{ "name" : "fridge" },
				{ "name" : "collections-management" },
				{ "name" : "image-viewer" },
				{ "name" : "microphone" },
				{ "name" : "sound-loud" },
				{ "name" : "toaster-down" },
				{ "name" : "tags" },
				{ "name" : "rhombus-milestone" },
				{ "name" : "legend" },
				{ "name" : "capital-projects" },
				{ "name" : "paper-plane" },
				{ "name" : "ipad" },
				{ "name" : "endoscopy" },
				{ "name" : "table-view" },
				{ "name" : "minimize" },
				{ "name" : "it-system" },
				{ "name" : "bar-code" },
				{ "name" : "scissors" },
				{ "name" : "ipad-2" },
				{ "name" : "hello-world" },
				{ "name" : "sys-monitor" },
				{ "name" : "gantt-bars" },
				{ "name" : "save" },
				{ "name" : "program-triangles-2" },
				{ "name" : "checklist" },
				{ "name" : "table-chart" },
				{ "name" : "checklist-item" },
				{ "name" : "rhombus-milestone-2" },
				{ "name" : "vertical-grip" },
				{ "name" : "it-host" },
				{ "name" : "mirrored-task-circle" },
				{ "name" : "master-task-triangle-2" },
				{ "name" : "unlocked" },
				{ "name" : "circle-task" },
				{ "name" : "master-task-triangle" },
				{ "name" : "initiative" },
				{ "name" : "checklist-2" },
				{ "name" : "pipeline-analysis" },
				{ "name" : "iphone-2" },
				{ "name" : "pushpin-off" },
				{ "name" : "draw-rectangle" },
				{ "name" : "checklist-item-2" },
				{ "name" : "project-definition-triangle-2" },
				{ "name" : "email" },
				{ "name" : "sound" },
				{ "name" : "nutrition-activity" },
				{ "name" : "mirrored-task-circle-2" },
				{ "name" : "sound-off" },
				{ "name" : "camera" },
				{ "name" : "iphone" },
				{ "name" : "circle-task-2" },
				{ "name" : "project-definition-triangle" },
				{ "name" : "cursor-arrow" },
				{ "name" : "tag" },
				{ "name" : "tree" },
				{ "name" : "laptop" },
				{ "name" : "add-photo" },
				{ "name" : "horizontal-grip" },
				{ "name" : "it-instance" },
				{ "name" : "locked" },
				{ "name" : "chevron-phase" },
				{ "name" : "chevron-phase-2" },
				{ "name" : "my-view" },
				{ "name" : "filter-analytics" },
				{ "name" : "add-process" },
				{ "name" : "compare-2" },
				{ "name" : "add-product" },
				{ "name" : "program-triangles" },
				{ "name" : "toaster-up" },
				{ "name" : "electronic-medical-record" },
				{ "name" : "tools-opportunity" },
				{ "name" : "add-coursebook" },
				{ "name" : "video" },
				{ "name" : "simulate" },
				{ "name" : "print" },
				{ "name" : "web-cam" },
				{ "name" : "projector" },
				{ "name" : "phone" }
			]
		},
		{
			"name" : "place",
			"text" : "Places",
			"icons" : [
				{ "name" : "factory" },
				{ "name" : "world" },
				{ "name" : "meal" },
				{ "name" : "retail-store" },
				{ "name" : "globe" },
				{ "name" : "theater" },
				{ "name" : "doctor" },
				{ "name" : "mileage" },
				{ "name" : "building" },
				{ "name" : "official-service" },
				{ "name" : "offsite-work" },
				{ "name" : "cloud" },
				{ "name" : "map" },
				{ "name" : "jam" },
				{ "name" : "locate-me" },
				{ "name" : "home" },
				{ "name" : "create-leave-request" },
				{ "name" : "general-leave-request" },
				{ "name" : "home-share" },
				{ "name" : "map-2" },
				{ "name" : "map-3" },
				{ "name" : "pool" },
				{ "name" : "cloud" },
				{ "name" : "capital-projects" }
			]
		}
	]
}